<manifest alg="2" build="30" opt="false" iceEnabled="true">
  <folder name="css">
    <file name="site_global.css" crc="3983832653"/>
    <file name="index.css" crc="4115471526" ref="index"/>
  </folder>
  <folder name="scripts">
    <file name="jquery-1.8.3.min.js" crc="209076791" ref="index"/>
    <file name="museutils.js" crc="4291592202" ref="index"/>
    <file name="webpro.js" crc="3903299128" ref="index"/>
    <file name="musewpdisclosure.js" crc="4285748861" ref="index"/>
    <file name="jquery.watch.js" crc="4068933136" ref="index"/>
  </folder>
  <folder name="images">
    <file name="bigflower.jpg" crc="66846780" ref="index"/>
    <file name="smallflower.jpg" crc="3907111206" ref="index"/>
    <file name="leaves.jpg" crc="249778734" ref="index"/>
  </folder>
  <file name="index.html" crc="379773808" mt="1497208545003" redirect="true"/>
</manifest>